시설명,주소,상위본부명,전화번호,유형,등록일,위도,경도
서부소방서_충북-남이-119 안전센터,충북 청주시 서원구 청남로 866,충북소방본부,043-249-9867,119안전센터,2018-03-17,36.5307207,127.4287783
서부소방서_충북-서부(충북)_사직-119 안전센터,충북 청주시 서원구 사직대로 229,충북소방본부,043-249-9852,119안전센터,2018-03-17,36.6378228,127.4723282
서부소방서_충북-서부(충북)_남부-119 안전센터,충북 청주시 서원구 산미로 70,충북소방본부,043-249-9837,119안전센터,2018-03-17,36.6040265,127.4704346
서부소방서_충북-복대-119 안전센터,충북 청주시 흥덕구 공단로 93,충북소방본부,043-249-9822,119안전센터,2018-03-17,36.6398817,127.4396546
서부소방서_충북-서부(충북)_중앙-119 안전센터,충북 청주시 흥덕구 가경로 143,충북소방본부,043-249-9804,119안전센터,2018-03-17,36.62729,127.43695
동부소방서_충북-오창-119 안전센터,충북 청주시 청원구 오창읍 중심상업2로 30,충북소방본부,043-216-2119,119안전센터,2018-03-17,36.71281,127.4324718
동부소방서_충북-내수-119 안전센터,충북 청주시 청원구 내수읍 청암로80,충북소방본부,043-214-0119,119안전센터,2018-03-17,36.7245899,127.5389913
동부소방서_충북-문의-119 안전센터,충북 청주시 상당구 문의면 문의시내1길 8,충북소방본부,043-298-7119,119안전센터,2018-03-17,36.5173082,127.496528
동부소방서_충북-북문-119 안전센터,충북 청주시 상당구 상당로 168,충북소방본부,043-224-1119,119안전센터,2018-03-17,36.64329,127.489938
동부소방서_충북-율량-119 안전센터,충북 청주시 청원구 율봉로202번길 66-2,충북소방본부,043-213-0119,119안전센터,2018-03-17,36.6658468,127.4904891
동부소방서_충북-동부(충북)_중앙-119 안전센터,충북 청주시 상당구 영운로 61,충북소방본부,043-255-0119,119안전센터,2018-03-17,36.6209601,127.494848
청주동부소방서,충북 청주시 상당구 영운로 61,충북소방본부,043-251-0114,소방서,2018-03-17,36.6209601,127.494848
청주서부소방서,충청북도 청주시 흥덕구 가경로 143 청주서부소방서,충북소방본부,043-249-9113,소방서,2018-03-17,36.62729,127.43695
