연번,시도청,경찰서,관서명,구분,주소,위도,경도,geocode_status,geocode_source,geocode_address
1059,충북청,청주흥덕,복대,지구대,충청북도 청주시 흥덕구  진재로 16 복대지구대,36.6325109,127.4301017,success,address,충청북도 청주시 흥덕구  진재로 16 복대지구대
1060,충북청,청주흥덕,강서,지구대,충청북도 청주시 흥덕구  가로수로 1158 ,36.6265138,127.4253441,success,address,충청북도 청주시 흥덕구  가로수로 1158
1061,충북청,청주흥덕,봉명,지구대,충청북도 청주시 흥덕구 송절로 64번길 13,36.6581649,127.4564036,success,address,충청북도 청주시 흥덕구 송절로 64번길 13
1062,충북청,청주흥덕,옥산,파출소,충청북도 청주시 흥덕구 옥산면 청주역로 662 옥산파출소,36.6659912,127.3735052,success,address,충청북도 청주시 흥덕구 옥산면 청주역로 662 옥산파출소
1063,충북청,청주흥덕,오송,파출소,"충청북도 봉산1길 9, 오송파출소",36.6195252,127.3207433,success,address,"충청북도 봉산1길 9, 오송파출소"
1064,충북청,청주흥덕,강내,파출소,충청북도 청주시 흥덕구 강내면 가로수로 566 강내파출소,36.6238929,127.3628323,success,address,충청북도 청주시 흥덕구 강내면 가로수로 566 강내파출소
1065,충북청,청주흥덕,남이,파출소,충청북도 청주시 서원구 남이면 청남로 1205 남이파출소,36.5595496,127.4336196,success,address,충청북도 청주시 서원구 남이면 청남로 1205 남이파출소
1066,충북청,청주흥덕,현도,파출소,충청북도 청주시 서원구 현도면 청남로 358 현도파출소,36.4867761,127.424159,success,address,충청북도 청주시 서원구 현도면 청남로 358 현도파출소
1067,충북청,청주상당,용암,지구대,충청북도 청주시 상당구  용암북로160번길 7 용암지구대,36.6225361,127.5150546,success,address,충청북도 청주시 상당구  용암북로160번길 7 용암지구대
1068,충북청,청주상당,분평,지구대,충청북도 청주시 서원구  분평로 37 분평지구대,36.6087853,127.4894263,success,address,충청북도 청주시 서원구  분평로 37 분평지구대
1069,충북청,청주상당,성안,지구대,충청북도 청주시 상당구  상당로 94 성안지구대,36.6365556,127.4907908,success,address,충청북도 청주시 상당구  상당로 94 성안지구대
1070,충북청,청주상당,미원,파출소,충청북도 청주시 상당구 미원면 미원시내2길 43 ,36.6345277,127.6549664,success,address,충청북도 청주시 상당구 미원면 미원시내2길 43
1071,충북청,청주상당,남일,파출소,충청북도 청주시 상당구 남일면 단재로 657 ,36.5728337,127.5118283,success,address,충청북도 청주시 상당구 남일면 단재로 657
1072,충북청,청주상당,문의,파출소,충청북도 청주시 상당구 문의면 문의시내로 1 ,36.5136353,127.4975633,success,address,충청북도 청주시 상당구 문의면 문의시내로 1
1073,충북청,청주상당,가덕,파출소,충청북도 청주시 상당구  남일면 보청대로 4761,36.5614107,127.5413771,success,address,충청북도 청주시 상당구  남일면 보청대로 4761
1074,충북청,청주청원,내덕,지구대, 충청북도 청주시 청원구  중앙로 202 내덕지구대,36.6551617,127.4880722,success,address,충청북도 청주시 청원구  중앙로 202 내덕지구대
1075,충북청,청주청원,사창,지구대, 충청북도 청주시 서원구  1순환로 690 사창지구대,36.6320167,127.4608275,success,address,충청북도 청주시 서원구  1순환로 690 사창지구대
1076,충북청,청주청원,율량,지구대, 충청북도 청주시 청원구  율량로3번길 41 율량지구대,36.6723815,127.4856854,success,address,충청북도 청주시 청원구  율량로3번길 41 율량지구대
1077,충북청,청주청원,서오창,지구대, 충청북도 청주시 청원구 오창읍 양청리 753 서오창지구대,36.7147579,127.4254281,success,address,충청북도 청주시 청원구 오창읍 양청리 753 서오창지구대
1078,충북청,청주청원,오창,지구대, 충청북도 청주시 청원구 오창읍 2산단로 113 오창지구대,36.7325389,127.4492417,success,address,충청북도 청주시 청원구 오창읍 2산단로 113 오창지구대
1079,충북청,청주청원,내수,파출소, 충청북도 청주시 청원구 내수읍 청암로 100-6 내수파출소,36.7246078,127.5402813,success,address,충청북도 청주시 청원구 내수읍 청암로 100-6 내수파출소
