일련번호,시설명,분류코드,분류명,우편번호,주소,기타주소,전화번호,위도,경도,시설물타입,가중치
50032306,1004마트,09,아동안전지킴이집,28342,충청북도 청주시 청원구 새터로 187-0,None,043-217-0602,36.6635952,127.4719505,child_safety_house,8
50045672,CU 옥산1호점,09,아동안전지킴이집,28114,충청북도 청주시 흥덕구 오송가락로 742-0,None,--,36.6584163,127.3683285,child_safety_house,8
50045619,CU 청주강서점,09,아동안전지킴이집,28376,충청북도 청주시 흥덕구 가로수로1154번길 6-1,None,--,36.62631286,127.42478192,child_safety_house,8
50045621,CU 청주개신푸르지오점,09,아동안전지킴이집,28611,"충청북도 청주시 서원구 경신로 32-15,1층",1층,043-231-7043,36.62040593,127.4462986,child_safety_house,8
50045660,CU 청주동양점,09,아동안전지킴이집,28453,충청북도 청주시 흥덕구 월명로 112-0,None,--,36.64469809,127.45400727,child_safety_house,8
50040666,CU 청주방서중흥점,09,아동안전지킴이집,28787,충청북도 청주시 상당구 단재로 312-0 CU청주방서중흥점,None,--,36.60173291,127.4999079,child_safety_house,8
50045646,CU 청주복대드림점,09,아동안전지킴이집,28602,충청북도 청주시 흥덕구 신율로139번길 3-0,None,043-232-8868,36.62987747,127.44674921,child_safety_house,8
50045649,CU 청주복대점,09,아동안전지킴이집,28595,"충청북도 청주시 흥덕구 복대동,충청북도 청주시 흥덕구 내수동로12번길 6",충청북도 청주시 흥덕구 내수동로12번길 6,--,36.6335088,127.4485044,child_safety_house,8
50045647,CU 청주복대행복점,09,아동안전지킴이집,28591,충청북도 청주시 흥덕구 사직대로41번길 25-0,None,--,36.63574493,127.4520117,child_safety_house,8
50045661,CU 청주봉명타운점,09,아동안전지킴이집,28477,"충청북도 청주시 흥덕구 1순환로549번길 13-0,1층",1층,--,36.6436365,127.46391,child_safety_house,8
50040672,CU 청주서문대림점,09,아동안전지킴이집,28528,충청북도 청주시 상당구 남사로 81-0,None,043-224-4989,36.63194389,127.4840576,child_safety_house,8
50015503,CU 청주서원대점,09,아동안전지킴이집,28670,충청북도 청주시 서원구 서원남로69번길 3-0,None,043-283-2130,36.6223006,127.4802997,child_safety_house,8
50040659,CU 청주성안점,09,아동안전지킴이집,28715,충청북도 청주시 상당구 대성로 69-0,None,043-250-6632,36.63154608,127.4927024,child_safety_house,8
50040664,CU 청주장암점,09,아동안전지킴이집,28805,충청북도 청주시 서원구 가장로 399-0,None,043-284-1388,36.59408295,127.4869151,child_safety_house,8
50032307,CU 편의점(오창우림점),09,아동안전지킴이집,28124,"충청북도 청주시 청원구 오창중앙로 47-16,오창우림필유아파트 후문",오창우림필유아파트 후문,043-216-0096,36.70624559,127.4249571,child_safety_house,8
50042748,CU(내덕신화점),09,아동안전지킴이집,28491,충청북도 청주시 청원구 1순환로211번길 15-0,None,043-213-6035,36.66371146,127.4893396,child_safety_house,8
50015230,CU(오창비발디점),09,아동안전지킴이집,28123,충청북도 청주시 청원구 오창중앙로 117-0,None,043-217-0622,36.70896487,127.4174469,child_safety_house,8
50015247,CU(오창양청점),09,아동안전지킴이집,28115,충청북도 청주시 청원구 양청길 40-0,None,043-211-7612,36.71792024,127.4268929,child_safety_house,8
50045887,CU동남LH점,09,아동안전지킴이집,28809,"충청북도 청주시 상당구 월운로 146-0,상가내",상가내,--,36.6064204,127.5219801,child_safety_house,8
50045888,CU동남파크점,09,아동안전지킴이집,28809,"충청북도 청주시 상당구 용암동,1층",1층,--,36.6061775,127.5175999,child_safety_house,8
50039130,CU오창롯데캐슬점,09,아동안전지킴이집,28118,"충청북도 청주시 청원구 중부로 760-0,상가",상가,--,36.71154642,127.4371286,child_safety_house,8
50039129,CU오창부영8단지점,09,아동안전지킴이집,28117,"충청북도 청주시 청원구 2산단로 151-0,상가 1층",상가 1층,043-211-2783,36.73480155,127.4513455,child_safety_house,8
50033907,CU용정점,09,아동안전지킴이집,28749,충청북도 청주시 상당구 호미로202번길 2-0,None,043-287-5408,36.62611737,127.5159956,child_safety_house,8
50045884,CU청주동남점,09,아동안전지킴이집,28807,"충청북도 청주시 상당구 중고개로142번길 20-0,1층",1층,--,36.6177623,127.5208928,child_safety_house,8
50045188,CU청주모충두산점,09,아동안전지킴이집,28671,"충청북도 청주시 서원구 모충로124번길 53-0,CU청주모충두산점",CU청주모충두산점,--,36.6259237,127.4771701,child_safety_house,8
50045192,CU청주미원센터점,09,아동안전지킴이집,28199,"충청북도 청주시 상당구 미원초정로 2-0,CU청주미원센터점",CU청주미원센터점,--,36.6364126,127.6581637,child_safety_house,8
50045191,CU청주수곡사랑점,09,아동안전지킴이집,28685,"충청북도 청주시 서원구 수곡로99번길 19-0,CU청주수곡사랑점",CU청주수곡사랑점,--,36.6202769,127.469863,child_safety_house,8
50039125,CU청주시청후문점,09,아동안전지킴이집,28541,충청북도 청주시 상당구 북문로3가,None,043-211-2049,36.64636397,127.4892841,child_safety_house,8
50039128,CU청주오창원룸점,09,아동안전지킴이집,28117,충청북도 청주시 청원구 2산단3로 12-0,None,043-212-2783,36.73605383,127.4550025,child_safety_house,8
50044397,CU편의점 청주율봉공원점,09,아동안전지킴이집,28321,충청북도 청주시 청원구 율량로189번길 38-0,None,--,36.6653477,127.5010377,child_safety_house,8
50033923,GS25 분평주공점,09,아동안전지킴이집,28799,충청북도 청주시 서원구 분평로6번길 22-1,None,043-283-1171,36.60751956,127.4858363,child_safety_house,8
50045614,GS25 청주죽림점,09,아동안전지킴이집,28618,"충청북도 청주시 서원구 성화로 81-0,101 102호",101 102호,043-235-8661,36.61253936,127.4456495,child_safety_house,8
50045631,GS25 청주하복대점,09,아동안전지킴이집,28419,충청북도 청주시 흥덕구 짐대로 65-0,None,--,36.6313093,127.4292655,child_safety_house,8
50044933,GS25 탑동현대점,09,아동안전지킴이집,28522,충청북도 청주시 상당구 용담로82번길 27-0,None,043-222-2041,36.63191515,127.5014498,child_safety_house,8
50045627,GS25 하복대타운점,09,아동안전지킴이집,28417,충청북도 청주시 흥덕구 짐대로 36-0,None,043-233-0306,36.6334529,127.4271251,child_safety_house,8
50045885,GS25동남시티점,09,아동안전지킴이집,28807,"충청북도 청주시 상당구 중고개로142번길 31-0,117,118호","117,118호",--,36.6198865,127.5202312,child_safety_house,8
50045190,GS25서원트릴로채점,09,아동안전지킴이집,28673,"충청북도 청주시 서원구 쌍샘로 23-2,GS25 서원트릴로채점",GS25 서원트릴로채점,--,36.6264374,127.4812923,child_safety_house,8
50015244,GS25시(오창파크점),09,아동안전지킴이집,28119,충청북도 청주시 청원구 중심상업로 32-19,None,043-218-8283,36.71397121,127.4315527,child_safety_house,8
50015207,GS25시(율량점),09,아동안전지킴이집,28327,충청북도 청주시 청원구 공항로150번길 136-0,None,043-217-1127,36.66979557,127.4913734,child_safety_house,8
50015241,GS25시(청원오창점),09,아동안전지킴이집,28129,충청북도 청주시 청원구 두릉유리로 1140-0,None,043-241-5525,36.74178831,127.4553215,child_safety_house,8
50033906,GS25청주동부점,09,아동안전지킴이집,360-182,"충청북도 청주시 상당구 용정동,1030번지",1030번지,043-288-1030,36.62649652,127.5172421,child_safety_house,8
50045662,GS더프레시 청주테크노점,09,아동안전지킴이집,28292,충청북도 청주시 흥덕구 송화로108번길 111-0,None,043-260-0975,36.66776058,127.45654464,child_safety_house,8
50045613,HD현대오일뱅크 가경주유소,09,아동안전지킴이집,28611,충청북도 청주시 서원구 서부로 1355-0,None,--,36.6182324,127.4483114,child_safety_house,8
50039131,HY야쿠르트,09,아동안전지킴이집,28345,충청북도 청주시 청원구 새터로120번길 73-0,None,043-255-2255,36.66280319,127.4821515,child_safety_house,8
50039132,SKT한음주중점,09,아동안전지킴이집,28325,"충청북도 청주시 청원구 충청대로 169-0,103호",103호,043-215-8777,36.67134728,127.4956629,child_safety_house,8
50038081,sk텔레콤(으뜸대리점),09,아동안전지킴이집,28109,충청북도 청주시 청원구 2산단3로 34-0,None,043-213-0293,36.73713406,127.4530701,child_safety_house,8
50015415,가람약국,09,아동안전지킴이집,28776,충청북도 청주시 상당구 중흥로 54-0,None,043-293-7272,36.61067466,127.5034585,child_safety_house,8
50015421,건강나라약국,09,아동안전지킴이집,28762,충청북도 청주시 상당구 중고개로 180-5,None,043-294-0206,36.62081643,127.5154403,child_safety_house,8
50015245,건강약국,09,아동안전지킴이집,28120,충청북도 청주시 청원구 중심상업로 31-4,None,043-218-2892,36.71392987,127.4290976,child_safety_house,8
50045640,공원슈퍼,09,아동안전지킴이집,28602,충청북도 청주시 흥덕구 가로수로1380번길 64-0,None,--,36.6311005,127.4461287,child_safety_house,8
50045663,국가대표경희대찬란한태권도,09,아동안전지킴이집,28292,"충청북도 청주시 흥덕구 송화로 172-1,4층 401호",4층 401호,--,36.6670222,127.4519347,child_safety_house,8
50045612,굿모닝마트,09,아동안전지킴이집,28645,충청북도 청주시 서원구 성봉로 220-0,None,043-273-0093,36.6248549,127.4499525,child_safety_house,8
50035452,굿모닝사랑약국,09,아동안전지킴이집,28744,충청북도 청주시 상당구 산성로92번길 6-0,None,043-283-8175,36.63079048,127.503543,child_safety_house,8
50015211,금강화원,09,아동안전지킴이집,28350,충청북도 청주시 청원구 공항로 111-0,None,043-216-0610,36.66694871,127.4856968,child_safety_house,8
50035450,금천도매문구,09,아동안전지킴이집,28732,충청북도 청주시 상당구 수영로 244-0,None,043-258-3975,36.62638604,127.5046922,child_safety_house,8
50045886,김밥이랑 떡이랑,09,아동안전지킴이집,28807,"충청북도 청주시 상당구 중고개로142번길 32-30,109호",109호,--,36.6167674,127.5222516,child_safety_house,8
50015215,꽃과함께하는행복한사람들,09,아동안전지킴이집,28335,충청북도 청주시 청원구 주성로 21-0,None,043-293-1988,36.66583212,127.4705589,child_safety_house,8
50035453,꽃산종합만물,09,아동안전지킴이집,28728,충청북도 청주시 상당구 꽃산동로8번길 46-0,None,043-250-0202,36.62624665,127.5068418,child_safety_house,8
50015466,꾸러기 문구,09,아동안전지킴이집,28683,충청북도 청주시 서원구 구룡산로 275-13,None,043-284-5036,36.61809105,127.4743384,child_safety_house,8
50045644,나들가게 코사마트,09,아동안전지킴이집,28595,"충청북도 청주시 흥덕구 복대동,충청북도 청주시 흥덕구 내수동로12번길 28",충청북도 청주시 흥덕구 내수동로12번길 28,043-268-7077,36.63240014,127.44859993,child_safety_house,8
50045645,나들가게 포커스,09,아동안전지킴이집,28420,충청북도 청주시 흥덕구 진재로28번길 17-8,None,--,36.6339571,127.4307891,child_safety_house,8
50045654,나들가게 푸른마트,09,아동안전지킴이집,28451,충청북도 청주시 흥덕구 1순환로512번길 31-0,None,043-263-6600,36.6468503,127.4631384,child_safety_house,8
50045668,나들가게 행복한유통,09,아동안전지킴이집,28166,충청북도 청주시 흥덕구 만수길 46-0,None,--,36.62571874,127.32903779,child_safety_house,8
50045636,나들가게금관공판장,09,아동안전지킴이집,28416,충청북도 청주시 흥덕구 증안로34번길 20-1,None,043-234-6777,36.6356263,127.4274333,child_safety_house,8
50045658,남양슈퍼,09,아동안전지킴이집,28449,"충청북도 청주시 흥덕구 과상미로83번길 38-0,1층",1층,043-276-5629,36.6471957,127.459792,child_safety_house,8
50038085,내수고향족발,09,아동안전지킴이집,28145,충청북도 청주시 청원구 청암로 65-0,None,043-218-1477,36.72419363,127.5371338,child_safety_house,8
50045657,대우당약국,09,아동안전지킴이집,28450,충청북도 청주시 흥덕구 1순환로 508-0,None,043-235-2359,36.6472372,127.4650034,child_safety_house,8
50045889,동남솔음악학원,09,아동안전지킴이집,28809,"충청북도 청주시 상당구 용암동,1층",1층,--,36.607178,127.5198851,child_safety_house,8
50045671,동보옵티마약국,09,아동안전지킴이집,28113,충청북도 청주시 흥덕구 청주역로 632-0,None,043-260-0073,36.6639526,127.3757333,child_safety_house,8
50015438,동화약국,09,아동안전지킴이집,28744,충청북도 청주시 상당구 수영로 307-0,None,043-296-6000,36.6318811,127.506887,child_safety_house,8
50035464,돼지마트,09,아동안전지킴이집,28208,충청북도 청주시 상당구 문의시내로 32-0,None,043-293-2567,36.51617309,127.4978639,child_safety_house,8
50044930,디자인크리포유,09,아동안전지킴이집,28762,"충청북도 청주시 상당구 용암북로180번길 6-2,디자인크리포유",디자인크리포유,043-286-8286,36.6237143,127.5160542,child_safety_house,8
50032305,럭키마트,09,아동안전지킴이집,28326,충청북도 청주시 청원구 충청대로 145-0,None,043-213-0067,36.66945183,127.4947535,child_safety_house,8
50045630,롯데리아 청주하복대점,09,아동안전지킴이집,28420,충청북도 청주시 흥덕구 진재로 56-0,None,043-231-1690,36.6360698,127.4297,child_safety_house,8
50036514,롯데리아(청주율량점),09,아동안전지킴이집,28331,"충청북도 청주시 청원구 율봉로 172-0,1층 롯데리아",1층 롯데리아,043-212-2626,36.66851273,127.4878972,child_safety_house,8
50042747,만물문구서점,09,아동안전지킴이집,28544,충청북도 청주시 상당구 중앙로61번길 27-0,None,043-223-9178,36.64238332,127.4868147,child_safety_house,8
50015517,말바우쉼터,09,아동안전지킴이집,28207,충청북도 청주시 상당구 화당3길 23-0,None,043-293-7200,36.55222465,127.5002762,child_safety_house,8
50015535,문화문구사,09,아동안전지킴이집,28199,충청북도 청주시 상당구 단재로 2477-0,None,043-298-0042,36.63672885,127.6586315,child_safety_house,8
50038078,문화서점문구,09,아동안전지킴이집,28485,충청북도 청주시 청원구 향군로115번길 7-2,None,043-254-3171,36.65452778,127.4809511,child_safety_house,8
50035461,미소약국,09,아동안전지킴이집,28725,충청북도 청주시 상당구 대성로 29-0,None,043-257-2599,36.62784194,127.4931576,child_safety_house,8
50015534,미원약국,09,아동안전지킴이집,28199,충청북도 청주시 상당구 단재로 2411-0,None,043-298-3332,36.631645,127.6545292,child_safety_house,8
50045670,밝은미래약국,09,아동안전지킴이집,28113,충청북도 청주시 흥덕구 옥산시내1길 48-0,None,043-260-0030,36.6641006,127.3764592,child_safety_house,8
50015508,보명약국,09,아동안전지킴이집,28799,"충청북도 청주시 서원구 분평로 36-0,1378",1378,043-293-5757,36.6083295,127.4893252,child_safety_house,8
50045642,보성할인마트,09,아동안전지킴이집,28604,충청북도 청주시 흥덕구 신율로 84-1,None,043-271-7306,36.6254915,127.4472981,child_safety_house,8
50035448,부영하나로마트,09,아동안전지킴이집,28752,충청북도 청주시 상당구 호미로 261-0,None,043-285-9977,36.62803222,127.5109366,child_safety_house,8
50015480,분평3-2관리사무소,09,아동안전지킴이집,28793,충청북도 청주시 서원구 1순환로1137번길 130-0,None,043-295-0245,36.61278306,127.4946404,child_safety_house,8
50015216,사천가구,09,아동안전지킴이집,28336,충청북도 청주시 청원구 새터로 222-0,None,043-241-1006,36.66639301,127.4707409,child_safety_house,8
50044935,삼성스토어,09,아동안전지킴이집,None,충청북도 청주시 서원구 1순환로 1066-0,None,043-292-4262,36.60595083,127.4850012,child_safety_house,8
50045622,삼성스토어 서청주,09,아동안전지킴이집,28363,충청북도 청주시 흥덕구 2순환로 1124-0,None,043-238-8950,36.63454392,127.42368758,child_safety_house,8
50043989,삼성프라자(율량점),09,아동안전지킴이집,28354,"충청북도 청주시 청원구 공항로 229-0,삼성프라자(율량점)",삼성프라자(율량점),043-255-0123,36.67680629,127.4830308,child_safety_house,8
50045610,삼영문구사,09,아동안전지킴이집,28366,충청북도 청주시 흥덕구 비하로15번길 19-0,None,043-233-4315,36.6281942,127.4242682,child_safety_house,8
50045189,삼일문구,09,아동안전지킴이집,28672,"충청북도 청주시 서원구 모충동,삼일문구",삼일문구,--,36.6267176,127.477366,child_safety_house,8
50038088,상록약국,09,아동안전지킴이집,28556,충청북도 청주시 서원구 흥덕로 36-0,None,043-272-7768,36.63873055,127.4736709,child_safety_house,8
50038093,새녹십자약국,09,아동안전지킴이집,28655,충청북도 청주시 서원구 사직대로 292-0,None,043-274-0848,36.63580567,127.4798309,child_safety_house,8
50040240,새마음서점문구,09,아동안전지킴이집,28723,충청북도 청주시 상당구 영운로 122-0,None,043-252-2905,36.62624837,127.4958082,child_safety_house,8
50045625,새일신약국,09,아동안전지킴이집,28420,"충청북도 청주시 흥덕구 증안로 58-0,1층",1층,043-233-7561,36.6362682,127.4297433,child_safety_house,8
50015485,서울유통A-마트,09,아동안전지킴이집,28801,충청북도 청주시 서원구 분평로 90-0,None,043-295-2402,36.60812034,127.4953456,child_safety_house,8
50045634,성지한약국,09,아동안전지킴이집,28416,충청북도 청주시 흥덕구 진재로47번길 18-6,None,043-231-0860,36.6356404,127.4284955,child_safety_house,8
50045637,세븐일레븐 복대드림점,09,아동안전지킴이집,28426,충청북도 청주시 흥덕구 진재로 104-0,None,--,36.64044116,127.4306345,child_safety_house,8
50045655,세븐일레븐 봉명현대점,09,아동안전지킴이집,28465,충청북도 청주시 흥덕구 백봉로223번길 17-0,None,--,36.6502342,127.4601287,child_safety_house,8
50045616,세븐일레븐 청주가경가로수점,09,아동안전지킴이집,28389,충청북도 청주시 흥덕구 풍년로 200-0,None,043-234-7112,36.6297311,127.43069351,child_safety_house,8
50045615,세븐일레븐 청주가경프라자점,09,아동안전지킴이집,28399,"충청북도 청주시 흥덕구 풍산로48번길 6-0,103,104호","103,104호",043-232-3868,36.62686392,127.43560731,child_safety_house,8
50045650,세븐일레븐 청주운천점,09,아동안전지킴이집,28473,충청북도 청주시 흥덕구 사운로 277-0,None,--,36.65226441,127.47243404,child_safety_house,8
50032302,세븐일레븐(율량한마음점),09,아동안전지킴이집,28328,충청북도 청주시 청원구 율봉로159번길 60-0,None,043-213-6020,36.67090747,127.4854899,child_safety_house,8
50015501,세븐일레븐서원대,09,아동안전지킴이집,28680,충청북도 청주시 서원구 서원남로58번길 4-0,None,043-285-7184,36.6224849,127.4817292,child_safety_house,8
50032303,쇼셜커머스안경 콘텍트,09,아동안전지킴이집,28499,충청북도 청주시 청원구 안덕벌로 43-1,None,043-908-8168,36.65787042,127.4934448,child_safety_house,8
50015526,수아제과,09,아동안전지킴이집,28208,충청북도 청주시 상당구 문의시내로 32-0,None,043-288-2347,36.51617309,127.4978639,child_safety_house,8
50015238,수정슈퍼,09,아동안전지킴이집,28129,충청북도 청주시 청원구 복현3길 27-0,None,043-217-8041,36.74435699,127.4535132,child_safety_house,8
50045641,스마일문구,09,아동안전지킴이집,28604,충청북도 청주시 흥덕구 풍산로 166-1,None,043-273-9778,36.6282528,127.4480946,child_safety_house,8
50015243,신세계약국,09,아동안전지킴이집,28120,충청북도 청주시 청원구 중심상업로 17-0,None,043-241-0105,36.7124456,127.4292752,child_safety_house,8
50045664,신안온누리약국,09,아동안전지킴이집,28171,충청북도 청주시 흥덕구 탑연월곡길 80-0,None,043-232-6550,36.623826,127.3645077,child_safety_house,8
50044932,신화문구,09,아동안전지킴이집,28780,"충청북도 청주시 상당구 무농정로 96-0,세원한아름아파트 상가",세원한아름아파트 상가,043-293-1515,36.60989876,127.5116153,child_safety_house,8
50015462,신흥씽크인테리어,09,아동안전지킴이집,28689,충청북도 청주시 서원구 청남로 2075-0,None,043-288-6064,36.61753557,127.4863696,child_safety_house,8
50015529,쌍둥이슈퍼,09,아동안전지킴이집,None,충청북도 청주시 상당구 낭성시내길 21-0,None,043-225-9622,36.62273331,127.6039987,child_safety_house,8
50045629,아름문구팬시,09,아동안전지킴이집,28422,"충청북도 청주시 흥덕구 증안로 100-0,상가동 103호",상가동 103호,--,36.63493996,127.43431985,child_safety_house,8
50015165,안경매니저,09,아동안전지킴이집,28501,충청북도 청주시 청원구 대성로300번길 1-0,None,043-256-0555,36.65190147,127.489409,child_safety_house,8
50015160,안일약국,09,아동안전지킴이집,28479,충청북도 청주시 청원구 상당로 295-1,None,043-253-8999,36.65477763,127.4883798,child_safety_house,8
50045652,영동전기,09,아동안전지킴이집,28468,충청북도 청주시 흥덕구 사운로236번길 14-2,None,043-266-8869,36.6494936,127.4759036,child_safety_house,8
50045656,예진당약국,09,아동안전지킴이집,28465,"충청북도 청주시 흥덕구 봉명동,충청북도 청주시 흥덕구 백봉로22번길 3",충청북도 청주시 흥덕구 백봉로22번길 3,043-266-5678,36.64961758,127.46019781,child_safety_house,8
50045666,오송약국,09,아동안전지킴이집,28168,충청북도 청주시 흥덕구 오송1길 4-0,None,043-238-8753,36.6102744,127.32638776,child_safety_house,8
50045669,옥산삼화당약국,09,아동안전지킴이집,28113,충청북도 청주시 흥덕구 청주역로 646-0,None,043-260-0012,36.6651029,127.3751088,child_safety_house,8
50038089,온누리 대청약국,09,아동안전지킴이집,28663,충청북도 청주시 서원구 내수동로 154-0,None,043-266-0346,36.63411151,127.4642608,child_safety_house,8
50045883,요아정 청주용암점,09,아동안전지킴이집,28783,"충청북도 청주시 상당구 월평로 252-0,1층",1층,--,36.606085,127.5104018,child_safety_house,8
50015242,우리문구,09,아동안전지킴이집,28121,충청북도 청주시 청원구 구룡2길 11-0,None,043-217-1732,36.71191977,127.4133384,child_safety_house,8
50045638,우리문구사,09,아동안전지킴이집,28597,충청북도 청주시 흥덕구 복대로176번길 3-0,None,--,36.6322667,127.4411222,child_safety_house,8
50015173,우암마트,09,아동안전지킴이집,28506,충청북도 청주시 청원구 대성로254번길 32-0,None,043-225-1114,36.64865438,127.4931371,child_safety_house,8
50045618,우암축산물유통센터 청주1호점,09,아동안전지킴이집,28639,충청북도 청주시 서원구 신성화로 32-0,None,043-286-8229,36.6178384,127.4586889,child_safety_house,8
50015432,우진서점문구,09,아동안전지킴이집,28783,충청북도 청주시 상당구 월평로 236-0,None,043-294-5317,36.60701935,127.5090856,child_safety_house,8
50015226,원동약국,09,아동안전지킴이집,28502,충청북도 청주시 청원구 안덕벌로 40-0,None,043-213-6457,36.65761444,127.4929857,child_safety_house,8
50045635,윤약국,09,아동안전지킴이집,28593,충청북도 청주시 흥덕구 사직대로 7-0,None,--,36.6344083,127.4481402,child_safety_house,8
50015488,은성할인마트,09,아동안전지킴이집,28679,충청북도 청주시 서원구 서원남로19번길 28-0,None,043-283-7900,36.62093516,127.4846221,child_safety_house,8
50045620,이마트24 R청주장원점,09,아동안전지킴이집,28413,충청북도 청주시 흥덕구 서경로16번길 4-0,None,--,36.61736618,127.44160473,child_safety_house,8
50044396,이마트24 주율량센터점,09,아동안전지킴이집,28321,충청북도 청주시 청원구 율봉로 284-0,None,-043-,36.66645008,127.4999335,child_safety_house,8
50045659,이마트24 청주삼정백조점,09,아동안전지킴이집,28476,충청북도 청주시 흥덕구 직지대로669번길 45-0,None,043-265-5702,36.6455417,127.46764898,child_safety_house,8
50045667,이삭토스트 청주청원오송점,09,아동안전지킴이집,28166,충청북도 청주시 흥덕구 만수2길 4-0,None,043-236-3323,36.62636452,127.32812583,child_safety_house,8
50045617,인재당온누리약국,09,아동안전지킴이집,28393,충청북도 청주시 흥덕구 가경로 163-0,None,043-232-1102,36.6292969,127.4362574,child_safety_house,8
50015460,정화약국,09,아동안전지킴이집,28767,충청북도 청주시 상당구 중흥로 145-0,None,043-218-1004,36.61695036,127.509899,child_safety_house,8
50045665,조은약국,09,아동안전지킴이집,28172,충청북도 청주시 흥덕구 태성탑연로 457-4,None,043-235-7582,36.62336376,127.3584348,child_safety_house,8
50015478,주공마트,09,아동안전지킴이집,28791,충청북도 청주시 서원구 월평로 23-0,None,043-298-2319,36.61129783,127.4876372,child_safety_house,8
50015531,중앙슈퍼,09,아동안전지킴이집,28193,충청북도 청주시 상당구 낭성시내길 13-0,None,043-225-9501,36.62259261,127.60316,child_safety_house,8
50045626,증안문구,09,아동안전지킴이집,28416,충청북도 청주시 흥덕구 진재로47번길 25-0,None,043-231-1765,36.6351068,127.4280969,child_safety_house,8
50015163,청문사,09,아동안전지킴이집,28489,충청북도 청주시 청원구 상당로 269-1,None,043-252-6979,36.65232824,127.4886068,child_safety_house,8
50045609,청문사문구점,09,아동안전지킴이집,28390,충청북도 청주시 흥덕구 가경로173번길 18-0,None,043-231-7851,36.6302481,127.4354007,child_safety_house,8
50045632,청신약국,09,아동안전지킴이집,28587,충청북도 청주시 흥덕구 복대로 202-0,None,043-235-5830,36.6344833,127.4410391,child_safety_house,8
50015258,청원상회,09,아동안전지킴이집,28134,충청북도 청주시 청원구 내추옥수길 31-0,None,043-212-8050,36.76201275,127.554632,child_safety_house,8
50045633,청주열린약국,09,아동안전지킴이집,28416,"충청북도 청주시 흥덕구 증안로 54-0,1층",1층,--,36.6362844,127.4293518,child_safety_house,8
50015456,큰사랑약국,09,아동안전지킴이집,28776,충청북도 청주시 상당구 월평로 182-0,None,043-294-8088,36.61003365,127.5043762,child_safety_house,8
50045639,태양기물,09,아동안전지킴이집,28601,충청북도 청주시 흥덕구 풍산로 117-0,None,043-234-5376,36.6293554,127.4429434,child_safety_house,8
50015237,태평양약국,09,아동안전지킴이집,28129,충청북도 청주시 청원구 두릉유리로 1136-0,None,043-217-1505,36.74141124,127.4550966,child_safety_house,8
50015527,푸른솔약국,09,아동안전지킴이집,28208,충청북도 청주시 상당구 문의시내로 43-0,None,043-296-3956,36.51709623,127.4972958,child_safety_house,8
50035455,학생서점,09,아동안전지킴이집,28733,충청북도 청주시 상당구 수영로 247-0,None,043-258-4912,36.62679655,127.50446,child_safety_house,8
50045628,한결약국,09,아동안전지킴이집,28416,충청북도 청주시 흥덕구 증안로 24-0,None,043-236-3679,36.6363135,127.4260305,child_safety_house,8
50033917,한삼인 청주산남점,09,아동안전지킴이집,None,충청북도 청주시 서원구 산남로24번길 3-0,None,043-285-0033,36.61173673,127.4710788,child_safety_house,8
50015212,한성철물건재,09,아동안전지킴이집,28307,충청북도 청주시 청원구 팔결로 53-0,None,043-216-4980,36.68836737,127.4825785,child_safety_house,8
50015417,한아름문구,09,아동안전지킴이집,28762,충청북도 청주시 상당구 호미로167번길 13-0,None,043-296-0595,36.62323087,127.5173536,child_safety_house,8
50042746,합기도검무관,09,아동안전지킴이집,28485,충청북도 청주시 청원구 향군로 127-0,None,043-258-3873,36.65556795,127.4801303,child_safety_house,8
50035451,행복약국,09,아동안전지킴이집,28744,충청북도 청주시 상당구 중고개로 334-0,None,043-286-0068,36.63062843,127.5039799,child_safety_house,8
50015513,행정슈퍼,09,아동안전지킴이집,28203,충청북도 청주시 상당구 상장인차로 280-0,None,043-291-5590,36.53578581,127.5317483,child_safety_house,8
50035463,향기나무,09,아동안전지킴이집,28208,충청북도 청주시 상당구 문의시내1길 14-29,None,043-298-5888,36.51824777,127.4956694,child_safety_house,8
50044936,현대자동차,09,아동안전지킴이집,28744,충청북도 청주시 상당구 용담동 362-0 현대자동차청주지점,None,043-252-3911,36.6326396,127.5046928,child_safety_house,8
50045623,현대자동차 가경대리점,09,아동안전지킴이집,28377,충청북도 청주시 흥덕구 가로수로1164번길 29-0,None,043-231-7979,36.6257302,127.4272494,child_safety_house,8
50044937,현대자동차 남청주,09,아동안전지킴이집,28802,충청북도 청주시 서원구 청남로 1946-0,None,043-285-2111,36.60663302,127.4816989,child_safety_house,8
50045648,현대자동차 서청주대리점,09,아동안전지킴이집,28426,충청북도 청주시 흥덕구 죽천로 103-0,None,043-233-3600,36.6380207,127.4343823,child_safety_house,8
50044146,현대자동차 율량대리점,09,아동안전지킴이집,28338,"충청북도 청주시 청원구 공항로 141-0,현대자동차 율량대리점",현대자동차 율량대리점,043-213-5000,36.66950954,127.4841191,child_safety_house,8
50044145,현대자동차 청주북부지점,09,아동안전지킴이집,28308,"충청북도 청주시 청원구 충청대로 229-0,현대자동차 청주북부지점",현대자동차 청주북부지점,043-222-0791,36.67642431,127.496202,child_safety_house,8
50045624,현대자동차 청주서부지점,09,아동안전지킴이집,28619,충청북도 청주시 서원구 2순환로 1452-0,None,043-266-4322,36.60930983,127.44286537,child_safety_house,8
50045611,형석할인마트,09,아동안전지킴이집,28391,충청북도 청주시 흥덕구 가경로 192-0,None,043-231-3682,36.63169415,127.43644953,child_safety_house,8
50015440,형제약국,09,아동안전지킴이집,28737,충청북도 청주시 상당구 단재로 117-0,None,043-256-3385,36.61888564,127.4979334,child_safety_house,8
50033912,화원마트,09,아동안전지킴이집,360-090,"충청북도 청주시 상당구 영운동,125-9번지",125-9번지,043-256-7208,36.619259,127.4967449,child_safety_house,8
50015516,활명당약국,09,아동안전지킴이집,28205,충청북도 청주시 상당구 단재로 1406-3,None,043-297-9105,36.57639329,127.5748247,child_safety_house,8
50033910,황금당,09,아동안전지킴이집,28780,충청북도 청주시 상당구 무농정로 116-6,None,043-293-2441,36.61080806,127.5135961,child_safety_house,8
